id,employee_id,review_date,attendance_score,reliability_score,performance_rating,manager_notes
"8d7feca0-d3cf-4202-9b0f-f2e6089793b3","07b8feb9-2163-443e-be17-f13f5a2c2cb2","2024-12-29",95,94,4.243768303114867,"Video vulgo torqueo basium blanditiis qui ventito vulgo deprecator odio. Quam at arguo virga acer adversus. Ars sed culpa reiciendis apto."
"b6b201fc-3d27-436b-b4f3-4dec1269a5cd","71c257db-8855-4c90-91bc-bea3498220f3","2024-11-30",90,88,4.7080746673365725,"Aliquid comitatus altus ademptio curto curis delicate. Volutabrum pecto modi decumbo solio ara color. Alo volaticus voco templum omnis campana."
"ee82acdb-91c2-467a-9892-f803138f2f02","d50e2f2c-1331-49cd-957e-e5e9995683b8","2025-07-13",98,100,3.8474450368023625,"Pectus minus surculus vir ager ab. Depono natus cupiditas delibero benevolentia constans ultio. Cultura utroque cometes distinctio capio debitis."
"d348756c-1750-4352-9034-c452ab7916c2","b153725c-87c9-4d52-bddc-77b7ac1f7955","2024-12-13",97,82,4.932129008427165,"Complectus copiose bibo creptio vinco vilis. Tempore possimus vorax aequus exercitationem validus admoveo taceo. Deprimo nostrum tabella."
"55e25e7b-1c7d-462f-9ac2-d69ce38e170c","d6ce7f06-0b90-4010-89ea-3c08e6b5ca54","2024-12-22",86,84,4.181301595665425,"Turpis textilis turpis corrumpo compello ancilla caecus decretum cohaero. Accendo aranea addo ipsa. Titulus eum coadunatio comminor subnecto clarus."
"4df73d4a-0af6-4061-a145-31be8db27392","c519f763-ddad-4d3c-a36a-7cbc73dd7bbd","2024-11-14",86,99,4.84480366746417,"Incidunt curia cilicium substantia capitulus amissio cogo inventore varietas vinum. Denuo trado debeo cursim deinde attollo terror capitulus. Denuncio vulgus volubilis desidero."
"21481f35-ba6b-4eac-ae95-b4a893cccaaf","a15f9f5c-6c2a-4cbc-9ab2-adb3f7d2c369","2025-01-13",91,89,3.8345885462404823,"Voluptas usus verbum cultura victus sit. Adeptio acsi adipisci. Conculco sit maxime tantum depulso."
"bbc1b6c5-b6a3-4628-a656-f3ced800488a","2d35a136-e444-4789-8688-95665945fc3a","2024-11-18",89,94,4.265340715809179,"Tertius ea turpis statua. Caelum sophismata totam charisma trans conqueror armarium. Verus bellum trado pauci curo cibo caelum suadeo verto caries."
"d8d7619f-0165-4ca1-9f64-e63c33451270","270013c4-1069-41cd-9469-06abd22d0640","2025-08-16",98,97,3.501539196277983,"Clarus tripudio coniecto. Commodi decipio cerno vulticulus varietas terga. Stabilis voluptatibus debilito bos conventus auctus."
"c6f630db-846b-4911-b49e-f47e52a2f9b3","08fc6727-b13f-4dea-a7d2-32b903c342b5","2024-11-05",99,88,4.560075872869318,"Absorbeo despecto decretum claustrum. Adimpleo conor vae peccatus validus paens ipsam collum fuga. Tantum officia capto teneo quas cubo tolero animus ventus xiphias."
"4deabc9f-31c5-41b2-96cb-7701de2f182e","8b631dd5-2873-44ba-bff3-77a0049481dd","2025-09-22",100,89,4.520724369308155,"Ambulo absum quas ipsa. Adsuesco vilicus vel. Viridis tantum vulnus animi."
"8337e19c-c0fc-46c1-be9f-01c0acf0c382","9d4776ea-1c38-4738-9926-0e5fa37956d2","2025-05-12",87,85,4.08976580837314,"Suadeo tremo amet vulnus solio desidero voluptatibus. Bos autem vos baiulus advoco. Coepi creber curatio cinis abutor subiungo."
"9da9a590-59b2-4cd3-a861-22003eb9e561","bf7f87d2-c000-466a-aea1-b6277065c887","2025-01-08",96,80,3.577417113736458,"Adicio umquam ceno truculenter virga. Volup amor spoliatio curvo conscendo subnecto. Architecto ter comburo suspendo atque absque summopere."
"b5310cd6-e850-4deb-8363-ab0f69dc1dfa","47cb3153-2ac9-40d1-923f-90270d8a7bff","2024-11-22",97,96,3.579821614903673,"Absconditus dedico correptius quis temperantia iusto. Arto succurro perspiciatis. Amaritudo totam supra arbustum facere."
"266929af-7051-43df-8540-876758db6845","7cb05a0d-b589-4083-a6b0-6b74dd427fbb","2025-07-11",87,93,4.284624494095228,"Iusto torrens saepe usitas solum aperio. Conatus thesaurus subito derelinquo ulterius solus acer minima credo. Substantia cursus cohors terra adulatio."
"660fdb79-bbfb-49e8-afff-774869776711","d3b46684-c60f-4ebe-9fb1-934e339e1102","2025-07-16",88,80,3.53255777632744,"Caterva exercitationem ulterius deduco coerceo civis sed civis. Chirographum cultura amoveo. Tamdiu degusto cavus umerus sunt vetus thymbra."
"52fd1973-2440-4fc2-9527-725b4b16efba","d08f86ef-995c-4a30-82df-da7a1717534e","2024-10-25",89,92,3.582782821275696,"Cura ocer vester eligendi. Clamo aegrus adversus vallum sulum. Utrum autus conqueror."
"22c488a7-a672-4999-8856-61c673f608c4","6bd2440b-23d7-4758-9de9-e91d6ab42273","2025-08-17",98,84,4.13670192148963,"Theca velociter demoror aliqua arcesso validus auctus. Peccatus avaritia crustulum. Canonicus cibus depulso sollicito terga arbor attero."
"221fb225-96ca-44e8-a99f-537ff043a8d4","712a6927-b05d-41e7-8599-0913fdbb0b3f","2025-05-30",89,98,4.025222309209215,"Degero tenax cubicularis cultellus quia tenax concedo certe ceno caritas. Pecco templum summisse aurum venia cuius creo triduana spargo. Attero absconditus laudantium caries curriculum villa compello turpis terebro charisma."
"c3cf834d-a304-4a59-aaa1-9e495a3cf9b1","34f50da2-1e12-4d6f-8a12-40b5424bcfd2","2024-12-18",95,98,4.993318163635863,"Circumvenio unus bardus. Spoliatio decor audax consuasor uberrime vivo. Quia atavus ago corrigo."
"3e5e1bc8-3413-4cbc-b547-3daf8e168aa0","ccbd1483-13a9-44d1-af0f-dce4e2622bc1","2025-08-25",91,93,4.188700593040783,"Explicabo tertius suus statim autem atavus debilito compono aedificium. Vulgo suspendo voluptate sumptus. Accusator comes constans temporibus benigne animus amo."
"96ebd161-54ef-4c67-95d9-702ff4272753","b51128a1-2381-4d0a-8995-4accb837bc46","2025-05-06",96,87,4.279726114825369,"Appono veniam sodalitas mollitia vilis. Recusandae decens auditor validus delicate ustulo. Vae dolor explicabo usque cervus vester suggero civis sui enim."
"0dd98143-87bd-468d-a59f-82a0765fb298","3188636e-ab3f-43eb-b2f0-97d7a3388582","2025-02-07",93,97,4.81901767227955,"Amo repudiandae tenax universe expedita vitiosus. Suppellex vulgivagus creta tutis ustulo quasi. Venio varietas cattus tot aestus accusamus vel."
"e4c1cd64-8776-4d2c-8d16-77eacc8538ea","e74bf176-28d4-4be5-a868-8195b1b6292e","2025-01-23",99,96,3.889972185083719,"Tergum abduco demum aequitas. Tricesimus attollo via adsum odio repellat. Caries sum argentum tametsi esse acquiro ulciscor vomer curo suffragium."
"f1232cf0-99f1-4959-85d8-d8835a05a040","0981b65c-0f88-499d-ba45-5df3353fe90b","2025-05-18",94,86,3.5953203924419275,"Appono amicitia tempora commodi. Vesper laboriosam bis acceptus cruciamentum comedo temptatio cibus contego. Ver occaecati caries sursum deserunt amoveo xiphias curriculum."
"6b7110c7-332b-4f2b-ae68-5e10c0ecb603","667f48de-0aa5-4ac5-838a-07b22853c924","2025-09-06",99,91,3.8643759626241887,"Cui ventito ventito asperiores. Aspernatur contego cibo atrocitas debeo suggero totidem decens volup. Celebrer sollicito carus casso solio."
"26495a4d-b127-4d4c-973b-90cf3270e926","cb3d5c3b-014e-413d-8fd9-45d3bceb1235","2024-12-08",97,99,3.857925250537781,"Sonitus demitto thesaurus appello caries commodo derelinquo conscendo dignissimos. Sto voveo tantillus super unde. Demo caterva patior cuius suffoco basium utrimque arbustum canto studio."
"d319de86-ab8f-47d5-bb59-26e84a030f99","3f613cfb-dbeb-4e51-b28f-627106c2965c","2025-03-31",87,90,4.952678813202492,"Celer arbustum cubo unus. Summa cogo vorax aut vinitor xiphias repellendus tepidus causa. Amplexus defetiscor tersus."
"3290e360-fd5f-45cb-a4ce-131094bc4152","779736f3-3fb5-4174-8689-3e1e85361df2","2025-08-29",86,90,4.652938471636803,"Depopulo sopor arcus decerno traho video. Nulla volubilis asperiores cedo collum at adulatio supra tristis tantillus. Conduco delibero debilito ipsum."
"452022fa-32a5-4611-8af7-1328da4a97e4","91315234-a907-4390-83fe-cb8b22e9e1c8","2025-04-04",96,96,3.706192660196762,"Labore textus ex itaque optio quo. Cupiditas vinculum utor cresco. Uredo molestias velit ascit eos abbas ancilla cruentus thesis."
"346fcebf-cc30-46ef-9225-d0793b9f2463","4345c95a-3675-42f7-a65f-c7c106818f84","2025-07-11",91,85,4.659309324040544,"Certe super amaritudo speciosus ciminatio. Denuncio summa crinis temperantia sol vito commemoro. Defluo cariosus peior confido denego cernuus saepe atavus audentia conturbo."
"2debf1b0-9656-4fcf-bb2f-3d5ed2c75a77","84c79085-c9ae-41ba-a165-ada90c89e1e2","2025-05-06",92,96,3.6789182841700363,"Pel cunabula stips verumtamen cito admoneo qui torrens celer. Voluptas termes rerum verbera conduco congregatio. Balbus thermae clementia curiositas campana eum."
"321946cc-4018-4ef3-be7c-1a84f87d69ff","314bda4e-483a-42b4-8992-8d99ca93ed4e","2025-06-25",98,83,4.434276141149656,"Aeternus territo acsi autem deporto clibanus bibo clementia. Alveus conturbo tumultus cohaero claudeo causa arma tum corona. Occaecati avarus conatus charisma quod summa brevis."
"31f3dc52-504f-481d-abcd-f2a3fc1e50ef","410595e3-4539-41ab-96f7-6ac090cb846a","2025-05-03",86,87,4.186583727238185,"Amor subnecto vulariter venustas cetera. Compono cogito debilito. Usitas virgo provident adamo cerno comptus annus canis eos quaerat."
"2f4a931f-7a05-44f0-9771-3bc46a4a8288","2a5d39bf-d81d-4c42-823d-42bbd5c9d385","2025-09-10",94,89,3.8179998735176106,"Suadeo tenus desolo tunc thymbra torrens sopor. Nesciunt appono copiose carpo viscus asporto voveo. Perspiciatis aperio custodia tristis verbum considero tibi carpo distinctio caterva."
"5cf22412-47af-439d-af2a-f3e978129854","1758c0da-a307-450e-9876-0eda219a2c23","2025-02-24",100,83,4.009513439044266,"Confero comburo tamquam cupressus canis. Tenus summa via assentator. Cilicium vado adhuc amitto ars cupressus labore."
"6a1cf568-b0b1-4353-8b0b-4e3fc74ff7ea","285d9b07-fe70-486c-8257-0348c8278075","2025-10-16",91,91,4.697142390401866,"Accusator quidem quod centum umbra bellicus terror. Balbus saepe pariatur. Vomer sulum fugiat libero tersus cunabula vulariter umerus congregatio."
"c56358cc-5f1b-42c8-94ec-5db296bc47b4","78d9ce2e-4bb1-4077-a797-ef8929c8bdae","2025-01-17",87,86,4.429067468588213,"Aegrus thesis calculus incidunt. Commodo amplus ustulo adduco. Defessus tandem terror vetus aiunt vos."
"4f2749f4-ef6d-425b-b79e-09450717bf89","1343ed8b-4bd2-41d5-a14f-4f80df58dd5a","2025-02-21",87,90,3.5902838494899285,"Dicta tametsi aegrus odit cervus aeneus amissio. Annus adiuvo succurro numquam auditor nisi. Comprehendo vaco creta cerno."
"064eaa86-9cef-4c38-9667-955371f12cc4","60647b24-4bac-4ef7-ad58-72b218c008e9","2025-04-09",96,99,4.600544987697226,"Stips socius tersus credo dens. Vita veritatis turba crustulum cuius anser admitto. Certus vere cresco argumentum alter custodia nobis."
"2d36f3b8-06f2-483a-89c4-304f9be64a64","f947dd5d-0e01-40b4-af5e-98f79c05a874","2025-02-24",99,91,4.105322560009253,"Vorax ars aequus vestrum benigne tui absorbeo tutis tremo. Speculum decretum casso suasoria suadeo sit adhuc sulum condico. Sublime arma tenus cogo congregatio cursim volup cursus."
"13b34aec-001a-4cca-9352-d5589e1091ab","3c43793d-b8a0-4941-9839-489c88df05c3","2025-03-28",86,85,3.528860648081917,"Vitae anser sollers reiciendis saepe patior aut aeternus comedo vero. Curis una verto casus. Derelinquo adulatio tener talio numquam thorax decerno bellum deporto templum."
"619ed149-1aef-4f9f-b88b-984ab89cc171","3c969756-b04d-4bd8-bfad-df932791c9ae","2025-08-13",90,93,4.9333582043488855,"Inventore depromo cometes spero amaritudo aqua coma adinventitias terminatio recusandae. Aperte adsum bestia curatio amissio usus decet cur triumphus vilitas. Torrens commemoro somnus blandior cultura curatio."
"772716c7-7b73-48ec-8e48-01f51078b5d6","163143ba-5973-4bdd-aec5-6c96bbbe9216","2024-12-02",91,93,4.885305542332867,"Articulus advoco cattus nihil causa stabilis adiuvo undique sed cuius. Caries pariatur carmen soluta repellendus armarium eveniet tendo approbo colo. Desidero coniuratio viriliter."
"47ac9826-e8a7-489b-bc51-b4972932d1bd","a4a11332-fe36-4177-885d-0c19f9894432","2025-07-13",92,82,4.293301626485514,"Sperno utrum cohaero vehemens audax coma crudelis. Ventosus aureus soluta talus dolore theatrum voco iusto. Ver solitudo congregatio cibo supra delectatio."
"7dae5dc2-e0d5-4d1f-8d39-bd0d59cc06b3","fc1990c7-dd72-4413-a882-fbfbe10ca212","2025-02-16",95,94,3.51157222877889,"Ciminatio utilis asporto tenetur. Itaque cilicium tergum tenuis verto. Traho amissio sordeo comis talus aduro vociferor id abundans."
"79cf6d69-4447-44a6-b022-b32ec8cdc6c4","39947cae-d241-4531-8441-581b2ced11ec","2025-04-07",100,99,4.019842270684679,"Velociter textilis alius defendo rem id cribro illo uredo. Vestigium beatae velociter qui possimus sit. Cupio texo depereo cernuus argumentum."
"b02c2a95-715e-440e-a7ef-b5098379c7dd","4117f20b-8315-4a46-8d2a-f5112071e0d8","2025-07-11",85,97,3.9660913022329463,"Adeo deleniti brevis. Ars defendo texo sustineo usque delinquo spoliatio talis. Spargo molestiae turba."
"87650c0c-53d3-43c9-b449-aba1aa8658b8","db996d38-8b62-4b27-aa03-03734af6b19b","2025-07-28",90,86,4.502281254444661,"Via beatae cornu villa ipsum fugit civitas. Degenero deprimo sortitus aestas aro eius ut. Copia totus vulgaris thymum corpus bestia atrocitas."
"eb572ac1-9634-4640-b998-ac6645bbc137","eefdc218-5637-49f0-afb2-fbe9d7c28b68","2025-10-13",85,83,3.807234795812419,"Suppellex bardus depereo barba. Depromo synagoga vesper torrens deprimo administratio taedium. Supellex adnuo vinum communis totus comprehendo theatrum acerbitas molestiae."
"55b2fec0-93f9-4bca-92ad-ee2ac05e9954","d345b7a5-8616-417b-8b8a-3afdc9ef4973","2024-12-31",93,96,3.9721525378517293,"Sit bonus distinctio tego theca deficio spero claudeo. Carcer socius alii claro carbo infit tum trado nobis. Occaecati patior alveus dedecor adinventitias."
"a10e8f87-3ed7-4587-904b-0321d17f7a31","7f3ac77f-2b16-456a-8420-502024cfa1b3","2025-07-08",94,90,3.894997422843308,"Non sonitus deficio nam aptus desino. Antea clamo beatus decumbo cui iure. Nesciunt nemo defessus tempus conspergo."
"34bd9de0-b37e-45bc-8f30-d6e8cc9f2d6e","5069821a-52c5-43d1-9c72-6caba30d5e03","2025-05-06",97,94,4.930399862237218,"Vigor strenuus comis. Beneficium cruentus communis contigo despecto sumo veritas toties. Debitis virga viriliter contra thema aspernatur repellendus."
"5e232552-153a-4cfe-a49d-853f13f16577","509b7f79-12bd-4f0c-b481-043cf6a4b8a4","2025-09-19",89,97,4.2204558539670165,"Atque admitto theatrum arma. Ventosus amplitudo denuo sublime. Vomito desparatus varietas temporibus."
"c015538a-531a-4f0f-a8ec-7cabc6074e4c","d4b1e617-f3f0-48cb-b994-bc23f44333b7","2025-09-05",87,84,3.9310479556202855,"Strenuus cognomen temptatio tener avaritia labore ustulo tot nulla amplexus. Articulus utique culpa tyrannus catena repellat tempore nobis. Censura caterva tamquam complectus demens somniculosus tollo sollicito sto turba."
"8e9ca967-50e6-46b2-8c39-5090f597e1c6","0a22573a-491a-443a-b4bc-ff593abbd270","2025-05-28",85,84,3.955049951883023,"Crustulum turpis adimpleo thermae absens acceptus adopto comes catena. Curiositas tero est desparatus. Cognatus admitto crinis sapiente decretum vetus absens."
"fb8b37fa-d9e6-4514-9f85-1219e88c0d16","63684e57-305e-41ca-b8e0-64165fbdc70d","2025-05-06",86,95,4.749550677779912,"Aliquid tabula surculus nisi tantillus veritatis totidem. Arcus voluptatibus tempora aveho abscido adipisci acidus cicuta. Canonicus desolo tergo adamo trado tandem versus conor."
"d3f20a2a-87ee-4d6b-9cc6-90c926f821d7","e28258d0-aa3a-4ce6-8360-689dbb0512e4","2024-12-20",85,85,4.959285884313946,"Autus damnatio ait synagoga. Vorago certus absque. Bestia appono stipes conqueror tepesco combibo."
"a06e36e8-7c96-46ee-b5b3-643adc8cd40b","b5421668-12c8-429a-95ba-b1705273d17c","2025-07-04",100,81,4.568240463559389,"Aperiam aestas spiritus cedo addo umbra vitiosus cribro amo. Vinco maxime cultellus averto adicio vulariter. Sumptus congregatio crur stipes minus commodo aggero viduo mollitia voluptatem."
"aec6e8b2-e1ce-470a-9a2e-9df56558e3ff","71075f1c-8eac-44ff-92ac-1595a8454dfe","2024-11-18",93,92,3.68363754494092,"Demens voluptas comburo crepusculum. Cupiditate vitiosus atqui undique molestiae absorbeo uxor speciosus demergo. Amita traho nam solus baiulus."
"15f9594d-ef73-406b-81cc-b9b2f31591fb","3c047d39-b89d-4b74-b643-410a499ea6c4","2025-08-14",88,99,4.457929857232804,"Caute attollo universe vulnus alienus labore. Libero celo terga. Derelinquo deserunt vinum turbo abutor."
"f2623811-6692-4427-ab0a-06a2752493b3","4fd6b25f-f5a8-4308-b6bb-b6b46c4f1b88","2025-07-15",91,81,4.686457336657311,"Curto avarus considero ara appello demens tempus. Delinquo veniam ager suppellex celebrer. Bardus incidunt ceno conduco officia strues facilis incidunt tabernus caelum."
"e8fecf4c-7584-43e3-9a05-4094ce1d9c46","31600ec3-f307-418a-b472-271c41bee748","2025-06-26",97,82,3.7662720072299747,"Reprehenderit voluptates adimpleo abduco color. Aliquam conservo decerno derideo trepide dolorem defero carcer crudelis. Compono velociter credo canto brevis."
"8650fd0a-2fc2-45cc-80c9-9fc60aff6598","e2feecc4-50f6-434f-9d98-c2727295dc68","2025-01-29",90,100,4.534673082952841,"Vomito somnus hic terebro xiphias. Cado adipisci admiratio tamisium tepesco bibo cohors thorax. Stips demergo eaque vito creta tabernus validus confero."
"e854855a-259e-40ea-9b48-9d10aa3b6bd7","1ae026f7-7c6e-411b-8ded-e8f465bf0b82","2025-09-19",96,84,4.306360262609649,"Timor stultus creo supellex tempora tabella celebrer. Decretum decipio vigilo. Adipiscor depraedor trepide subseco ater copiose vobis aut traho."
"cda372ab-e4d4-4fe8-a9f4-cf7b9bbaff07","f6269c1f-1447-4414-8374-397dd09804a5","2025-07-07",89,96,4.401014997208082,"Copia tempore suggero ante ascit cubitum tutis. Trado commemoro verecundia cruciamentum cilicium adeptio complectus arx. Credo tergeo summisse concido sustineo."
"fa244427-1a7d-4c47-a62a-56d3d41878e1","22006523-8109-4a34-b4be-e69569c085cf","2025-08-12",98,96,3.652683639457296,"Umquam blandior vis terminatio consequatur commodi attonbitus expedita. Cur ultio aetas est inventore viscus cervus comis reprehenderit. Alias atqui decet campana creber xiphias amissio fuga."
"b3675210-870c-44f6-91c4-693e6489474d","e967c540-4c3f-4823-bde6-c342810773f8","2025-08-23",93,81,4.293288236556853,"Aeneus assumenda coniecto optio usus angelus adsum adnuo. Ubi cultura degenero. Terra attero veniam pel vel."
"aa1d24a7-83a9-46b6-9e11-b1388a9bcbeb","5c14c7d6-a603-4ef1-acce-5240fa8f3887","2025-07-06",90,92,4.45076137033533,"Conicio certe cognatus aperio. Conduco abbas dolorum. Caelestis patior pel delectus amplus admoneo voluptate."
"601595dc-07fd-4986-8029-b910080758e9","6b95d774-ca94-4e6f-89f7-d1932ceebf0f","2025-01-05",85,82,4.169874175523334,"Valens taedium curtus via depereo caute dapifer stips utrum vis. Uterque ustulo tamdiu tabgo dolorem corrupti sollers decens. Claro praesentium vulgivagus calco tero decet creator acquiro trans."
"9cf21f06-7bf4-4c1b-82dc-90d1eb1394bd","7a00408f-f488-4f34-aea2-17087e951a9e","2024-12-26",99,84,3.532013340717507,"Deprecator surculus maxime civitas vehemens capto vinculum tergiversatio quod damnatio. Comptus teres at taceo virgo comminor advenio tardus placeat. Tepidus cupressus suscipio victoria taedium bellicus."
"db74ccf8-0af9-4c12-bb3e-81b80ff8af16","7a1acd71-5909-469f-9a09-e55738d29e68","2025-05-22",96,89,3.79166622552168,"Quo summa succedo stella iusto varietas. Damnatio inventore quos. Aut sordeo demum cohaero uter comprehendo."
"6b4758b6-f6ae-4ff5-9204-405325eba508","c4be45bd-d385-436a-9b85-0c830fb7de28","2024-12-04",86,93,3.9195740659736846,"Iusto adhaero quis casus blanditiis somniculosus adversus. Abundans synagoga ait coniuratio vulgus tempora. Venustas temeritas perferendis vapulus aggero sufficio qui aperio."
"4d9f1283-cae6-4688-b17c-c37c7ed68c87","2211647e-c989-4117-872a-5412b45edda1","2025-09-22",100,92,4.056753612397346,"Deripio distinctio undique dedecor labore dens. Claustrum celer strues infit. Alter alius artificiose corporis aggredior constans denuncio suffoco talus asper."
"7c63bfcf-8a05-4606-b725-4d05ff4c9818","837a4613-4b07-4437-9533-f555e9c4be79","2025-09-29",92,94,3.9226292036630186,"Strues aliqua surculus creta. Commodi turbo eius patrocinor socius. Approbo occaecati traho crapula certe quidem somnus."
"2a4475fb-4546-4402-97d3-0f47a345d7f6","71ca2b2d-6258-491d-b9ec-b9d7f30f053a","2025-01-21",94,96,3.6626242199336625,"Statim degusto verbera vulticulus amiculum demulceo attollo. Ocer canto desipio. Barba contabesco tamdiu adduco vicinus assumenda."
"0c0b1860-91b3-414a-a6a4-70ac1e2ee72f","05448fb9-9256-4a54-821d-7ed6b0f5288f","2024-12-09",94,91,4.659710647201141,"Pariatur coaegresco iste thema deserunt audeo aeger adsidue concedo. Sperno tenuis beneficium suffoco defluo alienus ultio tripudio terminatio. Contra defaeco deduco animus aurum arbor demergo conservo."
"9f5d8546-92a0-4d57-aaae-52d650519f4d","71449ac9-3f1c-4be3-8b9c-3f894be85eba","2024-11-28",95,95,4.195938078094016,"Vel crebro currus casus alias utpote comitatus curvo. Ut bellum adsidue. Tempore sursum derelinquo concido molestiae."
"4ad2ade9-0165-497a-ba3d-92c31d220d6a","2f206344-c1b9-4c9f-9d62-e150b21f697d","2024-12-12",95,93,4.399378036941012,"Cui succurro tamdiu asper auctus voro ea creator officia perferendis. Vomito admiratio audax vindico harum comprehendo adduco. Tactus sollers varius stultus videlicet aufero uter culpo coniuratio."
"e8b2d558-2cbf-4ef7-a85e-777939522741","86f9387c-6eae-4869-b9f5-c7c379c0e368","2025-09-10",95,82,4.021568229257121,"Virtus barba tum. Terra conor crebro vitiosus calamitas nobis tonsor crastinus. Utor patria baiulus admiratio."
"41d1fce5-55c4-4c88-909d-5010d64e7e6b","51a653c9-01f7-4e52-80e7-22b77d217572","2024-11-27",90,88,3.7846802528205945,"Deleniti angustus abscido. Clibanus amo curia aetas curvo rerum vita. Templum acer compello curia."
"9b899709-f761-4629-8bfe-0263ddef8097","06bbd5df-6070-476c-8799-7b30b5eb3a81","2024-10-30",90,94,4.4890192716099975,"Corporis vesco voluptate clementia. Adfectus ocer benigne degenero corrigo valde. Tutis annus vita cursus amet."
"f6b5dfad-d112-4d7d-8704-06a7dc06b68d","99e4ce38-abb5-4f3e-8a08-fd64f44485c2","2025-01-18",86,83,4.556065312130466,"Adeptio celebrer balbus. Cornu barba censura. Beatae creo amaritudo."
"016ca58a-4e3f-4483-8f24-c4e87469345b","117d4b55-dd5a-4d67-90e2-bb7e4ddcf5b9","2024-11-16",99,99,4.754152084936077,"Bis tepesco pecco bos bonus cenaculum. Asperiores tripudio curia canonicus caute solutio officia solutio congregatio. Voluptates maxime odio tremo administratio."
"2ec90e01-5e17-47df-8344-0dbb22049f79","f4bc7443-5dd6-4482-a3cc-fa00d8747975","2025-08-11",88,97,4.968086590430531,"Angelus angelus deleniti asper repudiandae vulariter audentia curto. Uredo debilito animi vallum bonus cimentarius custodia utpote trucido cras. Conspergo modi suspendo textus umquam volutabrum terminatio."
"8256599a-4947-4793-aa7c-be715879f9c5","669b1a45-40d5-4cd6-91fc-849a6f7c5dbf","2025-01-09",96,99,4.062638768939848,"Demens ocer sub cubo ipsam comburo. Angulus angelus tamisium tracto. Tam torqueo adeptio caelum amet vox ater paulatim circumvenio."
"9eef185f-8a78-4ad9-a601-3086b4ce30ad","001f3b30-09cd-44c7-9c52-089c9360623d","2025-04-30",95,83,3.5638632371412653,"Consequatur tribuo curvo suppono depraedor truculenter super. Communis surgo strenuus sursum aegrus spiritus. Vulnero tibi amet catena atavus ustulo aperte."
"718d2018-4318-4150-9bb5-ab968ee9a208","ff792fac-9ebc-4a3e-8b80-3348272ca74a","2025-05-21",96,95,3.8915160104324142,"Sed consequatur demoror cenaculum. Possimus conqueror vulariter bos chirographum coniecto pariatur. Corona color cruentus."
"951e8f16-8867-4f05-9355-7c8d418f6e0b","eb308eac-8185-418d-bb9a-3ce03a891a4c","2025-05-03",87,98,4.280938010939709,"Commodi cauda sed. A vulticulus textor esse capio terror dolorum tracto succurro repellat. Venia casus ducimus aiunt benevolentia timor degusto recusandae."
"7e8aef12-271d-41b2-bd26-14a17cc66155","7a847104-4aad-49ba-9852-1ea88b4caea5","2025-06-23",88,86,4.78763387592586,"Acquiro natus admoveo animadverto eius solitudo cibus. Absconditus beatae cetera aduro anser occaecati. Surgo unus demens."
"4221d918-2c7a-40a8-843c-ab5ef16546e0","23bfe810-9fe8-4039-a78e-687e51b26365","2024-12-22",99,95,4.309580136199255,"Peior collum carus odit. Eum terebro cura molestias recusandae doloribus. Velociter tener creator pecto vociferor conforto comitatus fuga nobis cometes."
"88210546-38ac-4916-9c53-4a4f1fc6eb4b","681ae9c5-283b-459f-81f6-eaf70cecda95","2025-07-12",97,80,4.8488262792165475,"Pax antea utrum stella verto porro hic tonsor. Adipisci maxime ustilo sed artificiose cupio. Utrimque considero deduco deserunt ars ait bellicus cado terra."
"1dce6699-8847-4d41-a4a4-1bf7608dd1fd","a705a61a-b294-4eda-a1b6-e5934d4b6f35","2025-03-27",85,94,3.8427304532690054,"Totidem sperno vester quia tersus apud. Cribro tripudio urbanus verus. Thema reprehenderit ars nihil eum vae tepesco sollicito titulus."
"34ede1b4-34fe-45db-9cf7-b819b9482f8a","ddd8b630-c730-452a-8c91-abeae9055b9b","2024-11-21",91,87,4.18606981300165,"Tripudio ancilla cilicium caute vulgo. Sub calcar vorago corrigo crur summa ambitus aeneus. Tubineus collum tener adsidue amoveo color contigo animus cras volaticus."
"58a06bfd-cfb5-4e0d-bad2-709876936b28","d233d55b-89c5-4d0d-92ad-de246b2fef18","2025-07-10",95,91,4.715264761931044,"Quaerat uxor enim statua angustus possimus. Considero cinis colligo. Abduco vitae ancilla conitor coerceo tibi."
"3e220c71-47d9-494e-bae5-30cd45c6b774","02c3ce51-111a-4e0d-aacf-0f88eda99623","2025-10-12",91,84,3.532076284647494,"Conatus amita ambulo cupiditate. Totus cubitum ad. Temporibus subito curis statim illum."
"77333698-7de4-438d-ba23-e58e94883c49","95e6074e-084f-477c-a5a4-98538ce28c18","2025-03-03",90,88,4.176382692926965,"Deprimo ter vestrum dapifer eligendi. Alias ipsum admiratio defetiscor confugo advoco sit sol comitatus. Compello subvenio bellicus error."
"fdcc1e1d-b561-4fe2-84ca-8b43bda14515","e62d257a-74e9-43ae-9e26-43239e514b69","2025-01-11",99,86,3.7043429365918885,"Usque capitulus similique eum capillus. Delicate tredecim caveo placeat cupressus minima aestus allatus. Maiores commodi canis decretum supellex toties tergo."
"5fb944e9-60f2-4c8c-b580-8bae428767f1","3d1f6ef9-897f-4075-826e-3071fe2be673","2025-05-21",97,92,3.9426224340038996,"Decipio tamquam quis bardus animus aro suggero certe allatus tabula. Suadeo sophismata viduo cursim acervus. Ascisco cibus quam capto arceo taedium quos possimus carus."
"e118ff4e-f819-4e4a-beec-1af2a989f181","95077299-e660-4895-87ec-063990e27662","2025-08-21",91,99,4.935131595340728,"Virga virtus tertius comes ut vesper. Tergeo textus tandem contabesco. Candidus sapiente solitudo terga campana vado bibo."
"4e944080-5b74-4034-91f4-7d7d1fdb5e78","21d7b54a-338a-4472-b192-62a6ad0a5ae4","2025-01-18",86,81,4.340814748516595,"Vorax subseco vester caries comitatus. Tonsor vomica civitas speculum turpis amet. Tyrannus atrox expedita thesaurus vulgus autem agnitio adamo decens."
"95eeabf1-5daa-46cb-898a-88fdf442a741","8fbbd591-f8af-4814-9993-b8fb8185298a","2025-05-14",96,80,4.789879186743679,"Utroque solutio ratione umquam. Accusantium tunc sed desipio una amissio. Tricesimus aegre amet debeo somnus tutis carpo deleo."
"3f92f8fd-35dd-4548-a19c-5ef306bbf920","3859a495-6c42-47bb-bb79-005772a67e3f","2025-08-06",94,99,4.137944801728781,"Possimus pauci cuppedia deinde pariatur vereor cerno caritas. Paens capio cultura colligo coerceo. Tot soluta absens harum delectatio vae angustus velit."
"81ce4350-bff4-46e8-a162-06c578789a0e","d886bc85-b846-42e4-8b48-bbdfc109ca51","2025-09-27",88,80,3.6358879913808018,"Cernuus despecto exercitationem. Laudantium aurum tricesimus viriliter subvenio barba subnecto tametsi. Una quasi sumptus titulus ustulo."
"9db95869-1212-4dce-91bc-1c3907d2e798","6276fa38-65e7-4a97-8226-0674cdb303b7","2025-04-02",94,96,4.822371561249433,"Decipio adflicto caecus vorago dicta cauda custodia tepidus coaegresco tergo. Velit videlicet atqui. Defluo repellat amicitia apto vomito aqua desolo verecundia suffragium molestiae."
"67c9b612-6be1-423b-8cd6-86301415271e","0a1a3767-c007-4517-93e9-76403052a175","2025-01-02",87,85,4.94286803716726,"Damnatio aequitas curriculum arma cohaero. Aegrotatio cohibeo sto textus. Animi atrocitas sonitus."
"949ac5d8-69b0-4e1d-a44a-6e32d524bf55","fece99db-0e0b-4ec3-954d-f0b6d61bd85c","2025-05-02",85,98,4.803773821686337,"Utilis sumo qui minima celer currus adversus. Surgo turpis summisse suspendo stultus vilitas. Facere triumphus cruentus calculus."
"ff5c13a3-e5e1-45d9-830d-93918fac963a","5073903e-02ae-4994-b06b-1e3e85070654","2025-06-22",86,82,4.734819946320459,"Ascisco audentia illo spiculum architecto facilis. Tamisium communis auctor cogito ipsam. Deleniti aro dens considero autus."
"5001da41-f7b8-4bfa-9727-8f0285f7e864","e0d76025-9983-40fc-b3eb-4deca5426cc2","2024-12-15",92,88,4.323939216768977,"Peior aeternus eum aegrotatio avarus talis. Speciosus summisse caritas quam deduco. Alii celo tenetur vilicus patria adduco occaecati demergo atrocitas coruscus."
"0850d058-ce75-4b84-b583-a57188117bfb","b95fc960-ae64-420a-8ff8-8aaf5c56a9d3","2025-04-28",97,86,4.950958041560019,"Talis videlicet quas terra causa conicio totus. Casus universe curto vicinus cultellus ancilla suggero id depulso audax. Suggero attero minus caecus tracto."
"a0c9265b-9066-4e12-b98f-7fb53d2f696c","79c7ea8d-6769-4c10-8d88-43654b74e586","2025-09-11",85,83,4.758154144670389,"Uter ulterius tumultus. Tenuis vulariter volva dolorem teres torrens contra ceno. Modi clementia demum cenaculum timidus."
"e5d73beb-065d-4ebf-a301-aebd7b02d682","2fb1d1b0-63b0-409c-a4b9-d66797be6680","2025-09-14",91,83,4.222343555668937,"Benigne sint tollo a. Quaerat natus arbustum quasi. Accedo damno pecco rerum cursim ars."
"33888d4d-d01b-43a7-9088-23e91d0521ed","8d18ef62-846c-41b6-8c04-d5615c3680d9","2025-03-24",93,98,4.649714586944819,"Custodia alius viduo tripudio. Terra vilicus coniecto beatus dolorem numquam aedificium deporto. Antea deludo articulus."
"9c40bec0-7118-466a-85ce-63de49a04f0d","0959a112-cc51-42a5-b9bb-07313de74143","2025-04-28",100,80,3.611714041120274,"Conculco desolo astrum cupressus vix denego copiose stabilis adhuc. Crustulum decretum derelinquo adulatio. Tempus saepe temporibus cuppedia cras patruus provident ager."
"70bb801c-ee81-4831-bb2d-06307eb52acb","3a41588e-0629-44e3-8792-a4faf137b1e8","2025-04-14",97,91,3.893989718621567,"Atque ustilo decerno benigne. Capillus succurro vitae bestia. Conitor vigor tollo adhuc stipes candidus aiunt deorsum."
"85f808cf-84c2-4daf-97e9-0e5b6ed24692","94d45cdc-7686-49c2-97e3-43536c134621","2025-05-24",98,81,3.849532104701135,"Antea pauci aegrotatio universe vociferor laboriosam eos vulariter. Curiositas cruentus sint sollicito caecus dolore conventus. Subvenio corrumpo coepi culpa conforto ara."
"7430fa08-0551-405f-8163-8cc83392735e","aad09bef-d9dd-47b5-925d-7785fcb85a38","2025-09-21",97,94,3.8015383153218494,"Aetas comburo voluptatem audio conduco amet cunae antiquus. Aestus coniecto socius vulgaris. Utpote acsi creta cupressus adeo cubitum bis damno."
"10e9022e-e755-4184-99b7-b0e0cc244395","6e99e3af-1f2c-41b8-a3b3-aad1a36803eb","2025-01-25",98,94,3.7802884285598495,"Urbs capto votum. Vindico anser cohors voluptatum uberrime administratio pariatur allatus ventosus talio. Peccatus corrumpo consequuntur chirographum."
"3fdcd102-bec2-4a2a-b66a-2aea707d71bb","086821bc-cde4-4a6e-b113-6c56aaf20d1f","2024-10-30",87,89,4.9126755766040215,"Aperte acerbitas summopere aspicio sublime attonbitus vulgivagus vitae suus. Volo valens appono civitas deduco conqueror. Qui comedo aureus verus articulus ducimus."
"af3cdf13-e730-4248-87c9-0842f483350a","dbdcef47-e56b-4cbf-a022-966db3f6b6ca","2025-06-19",92,85,4.780649334949563,"Volutabrum thema urbanus asporto sollers. Talio terebro abundans. Cetera nobis necessitatibus cetera texo titulus."
"0d2bf2d1-e219-41ea-9a77-b84dbd1078f8","0336cf87-ff68-44dd-9fe5-5bcf919a325f","2025-04-21",91,87,4.029288090381976,"Arbustum ventito urbs territo abeo deprimo ipsam. Conqueror creta vilis dens vallum viriliter. Tibi coaegresco umbra."
"6b08a521-3ffe-4618-844d-fef206d58883","e601daf4-ffa5-4a39-8a24-6667bf8d7f8a","2024-12-08",93,87,4.658143797872382,"Villa voluntarius absconditus. Virga spes tribuo. Conqueror admoneo voco admiratio."
"dfb517b4-b86d-405b-9ec7-fb38728a06ce","47cc65fd-4602-4584-a87a-7f415dde77b9","2024-12-06",92,98,4.2964529106672895,"Surgo synagoga solitudo cernuus clamo arceo arma valeo iusto arca. Amo conculco averto vereor. Comedo verbum aveho denego."
"1354e809-7889-456a-8636-42fe0e8630fb","bdbc3386-d6ca-4dbe-8a4d-76f5e0f11e5e","2025-08-03",88,94,4.30053033013357,"Valetudo coma aperte clam odit succedo contigo ventosus triumphus compono. Agnitio cribro caste curis caries. Super totidem vulgivagus victus verbum baiulus."
"b8279764-4876-4ac9-b46e-e8efdd46ccd4","0933c106-11e3-41fc-9977-de7bc38c4565","2024-12-07",95,80,4.84264129821398,"Causa aeger occaecati aurum confero. Ambitus earum atque theatrum tenus. Sponte desino adnuo audeo candidus coma arcesso acquiro voluptate veniam."
"3de2d9e3-aab3-4263-980c-5b4c1598598b","dd42e288-52b9-4428-81bc-8f7a7ab567da","2025-08-07",94,86,4.0964321395127765,"Defleo utpote texo patria vulpes tabula sordeo certus vigilo. Perferendis vero accedo sponte vulnus una cunctatio arbor. Vester traho sufficio creta amor tot."
"fdc66e61-cd24-4665-b4b0-aa58f8ca2129","f150edb5-9cc5-45e0-8ffb-ef1113bd0c76","2025-08-17",100,81,4.396358995677275,"Ascisco ars correptius attollo sum a civitas. Beatae ventus anser artificiose viriliter adaugeo sustineo cauda tersus. Voluptates conicio fugiat eaque desparatus demulceo vesica."
"a1ff49b5-331a-4d35-a822-5a65b5b6d1a2","c57702cd-d747-4744-8f4b-9b5579237e6c","2025-10-23",94,85,4.241609483383243,"Stella atrocitas cresco aqua demens deserunt accusamus tepesco. Deinde catena canto denuncio. Conservo earum velut coniecto verecundia cernuus."
"7992e07a-377c-44dc-a766-2625ea558cdd","13e240a0-35c6-4601-a013-aae0595450e9","2025-08-11",89,94,4.16595510973203,"Cultellus nam delego umquam. Ad tenetur ulciscor. Virgo eum cohors animadverto suasoria ante decerno tredecim."
"f9806c7e-38f3-4e00-9bdc-2c20444ac2dd","c211ff3c-f948-4fcd-82eb-7266855dce05","2025-04-14",95,88,3.764434308245303,"Conscendo cado tendo. Ad subito quod amita tam delectus. Assentator bene tener doloribus minima vacuus texo recusandae."
"d7d95139-033d-4f44-8ccf-7ed3f7fdf837","c6c9514b-0b74-46fe-b043-c1be56b1bf5f","2024-12-10",96,99,4.198796645400597,"Vapulus deorsum toties truculenter civis demergo defessus auctor desipio admoneo. Chirographum victoria ustilo. Apto facilis avarus ascisco."
"301cd84f-8e0b-492a-88df-9b744227e0fe","de45ea8a-e033-4f1c-a66c-26e71f9ff850","2025-10-14",100,90,3.673773329646473,"Depulso viduo colo tolero sodalitas creator. Crux crinis amplitudo degero comminor conscendo canonicus adfero verus templum. Conduco soluta cubicularis."
"dc6231d7-7c30-44e6-a014-e0ef0e27318a","3f7eb789-5411-405e-9cbe-a4354a273528","2024-11-22",97,84,4.547444284883296,"Tyrannus talus venio tyrannus verumtamen casso. Vestigium certus arma termes tempus. Cedo caute vestigium."
"fa82b545-4dcd-4521-8801-645972ce4cc0","85ff33a9-1431-4522-a956-ed8834bba274","2025-01-21",88,86,4.77137340284125,"Utrimque conculco degenero vitae testimonium confero vae depereo urbs contabesco. Denuo cunabula dicta. Commodi tabesco attero tredecim qui vulgivagus cunae adeo temporibus."
"2d0ae53f-a3d6-4612-b085-aa76b53f7b5f","b3141760-1876-4b4d-9253-4692f8f2549b","2025-03-19",97,100,3.7970173140206476,"Aro solum aurum culpo vita atavus creber comitatus stabilis. Ducimus vehemens eveniet considero eius quisquam artificiose. Sulum quasi veritas cognatus tredecim."
"ef235a17-fe6e-4c3a-bb20-260d86a33288","ef1b9b2a-c001-4d1f-9613-816d6fa178d6","2025-08-02",88,92,4.710479995691378,"Aranea temporibus aetas alienus aeger correptius. Decens cogo aggero sollers tero avaritia trado aggredior demergo tametsi. Video tondeo nostrum sperno atrox certe error cursim delibero campana."
"e1e46d42-7341-42ce-83d6-a7baa8514bfe","f530e05c-343a-452b-992b-aedd207144eb","2025-04-08",90,92,4.27962615063011,"Bellicus delibero acervus ubi. Assumenda textilis contra depereo convoco. Aeger sperno vestrum utique harum statua volva."
"d3bfb79b-29c6-4eb4-880a-1842f6ddf147","15193fac-b6ed-48de-8644-ff88d8009922","2025-08-30",89,81,4.493440578281848,"Compello vaco est soluta. Vos suffragium sequi amiculum tersus nisi. Tardus pauci repudiandae coerceo angulus voluptas."
"ee098042-e1bb-4b2f-bae8-ff2be06905e9","7343ace6-639d-48c6-a65e-49f510d895c1","2024-12-05",88,89,4.999421761538052,"Dolorum auditor victus thermae suus vorax. Creator audentia vomer video. Uter sunt vivo comburo infit communis asperiores voro coaegresco carbo."
"be868fe7-374a-4551-9587-8b00bc617552","a161f1a3-d664-40d7-9bf2-1836cdc0407b","2025-09-22",99,85,3.7208334922914372,"Autem ventosus concedo stabilis suspendo calamitas pauci. Capto sol decretum combibo torrens odio tamisium quos cometes quia. Iste velum balbus comedo."
"15c2bba6-6c32-481a-a2a2-f18476760d97","37b2ad66-75ec-4ee3-84b5-cd019f0b9b43","2025-02-17",85,93,4.922734455504077,"Vulgus beatae undique vesper vorax fuga vergo ver celo. Suus tunc cauda. Paulatim ait aequitas compello taceo."
"769647d0-c279-433a-b299-ac6b5e51a0f1","1fac706e-b927-4d80-9575-88bf55fa33ed","2025-08-28",100,83,3.739798874009674,"Denuo depopulo unus umbra. Comitatus ciminatio coma solum debeo talis. Virtus vere vox corrumpo vorax."
"8d8ea49d-0b7a-43f6-97c7-68791698418f","8461091a-a9bf-438e-ae6d-5b4f871f46e3","2025-08-19",85,87,4.505397009905618,"Auxilium tabesco minima volutabrum comminor velociter debilito. Agnitio color spiritus cilicium. Spiculum texo solum audentia doloribus curiositas cupio."
"021a4bff-a60c-439d-a218-e0b295733019","a8a2b255-fc07-4971-8573-0f1c5efadb05","2025-01-31",87,100,3.8544743290917536,"Asperiores aperiam accommodo amicitia ultio vobis quisquam. Adinventitias clam avarus attollo tener sufficio auctus commodi. Calco ventosus dolorum articulus adhaero inventore arx attero rem."
"34dd4f9e-78fd-44bd-9aa1-1eaefb9adcfe","bca0c1f2-60ef-46e9-b6fb-1b2f3c09fd00","2025-02-15",90,86,4.597077530897731,"Reprehenderit sunt arto crudelis desparatus vestrum. Tactus apostolus circumvenio vel amaritudo appositus uredo asperiores audeo supra. Audentia quas via vitae vestrum vitae carus termes bellicus."
"bd69ec79-8d11-4535-8aea-c8549c78d1f2","9c4dfc35-d4e3-4eee-b37e-6864100489c5","2025-02-19",92,86,4.466434998588545,"Cilicium arbustum tego. Caelum carcer adsum denuo. Ipsa asporto occaecati spargo testimonium turpis aperte artificiose."
"ed0e9595-6094-4a1d-946e-218875637bf1","507b9d27-5426-43cb-9e17-5da342c7acdf","2025-02-15",99,95,4.720169988797587,"Claustrum dedecor quaerat occaecati arx usus adduco tamisium cognatus atque. Conturbo demergo depereo ago cogito sponte peccatus. Reiciendis sumo traho carbo sustineo tricesimus adhuc versus."
"55fa597f-2ab3-4695-a5f4-9b9764eaf113","11bb9b19-70d8-44d0-9cc8-d0d3f82488f1","2024-10-26",89,95,4.032909218225899,"Torqueo cursus voro tricesimus demo suasoria molestiae carpo creator. Tripudio cito cum abutor demo vacuus. Modi maiores cursus versus sodalitas umquam ars ultio."
"11ab692e-0e04-436a-ae0c-86fc4966a6ec","6964eeb8-c84c-4f8c-af3a-f3aa16b69428","2024-12-10",91,83,4.957836284711497,"Color aegrus audax. Adulatio corona acies aegrus capitulus molestiae admoveo stabilis caveo. Vito corroboro cupressus acies sponte dapifer."
"e4281be3-93b7-44c1-8afd-45a35127e7f8","55ddb881-08a4-48e5-a4fc-e7d53653ffd1","2025-08-18",100,90,3.859272092538616,"Convoco suspendo sollers. Ipsum esse deprecator basium aut. Volaticus patruus substantia excepturi."